{
  "creationTimeStamp" : "2020-03-13T07:25:27.423Z",
  "modifiedTimeStamp" : "2020-03-13T07:25:27.425Z",
  "createdBy" : "sas.dataMining",
  "modifiedBy" : "sas.dataMining",
  "id" : "dm.cs_scorecard.template",
  "links" : [ {
    "method" : "GET",
    "rel" : "up",
    "href" : "/analyticsGateway/componentTemplates",
    "uri" : "/analyticsGateway/componentTemplates",
    "type" : "application/vnd.sas.collection"
  }, {
    "method" : "GET",
    "rel" : "exportComponentTemplate",
    "href" : "/analyticsGateway/componentTemplates/dm.cs_scorecard.template",
    "uri" : "/analyticsGateway/componentTemplates/dm.cs_scorecard.template",
    "type" : "application/octet-stream"
  }, {
    "method" : "GET",
    "rel" : "self",
    "href" : "/analyticsGateway/componentTemplates/dm.cs_scorecard.template",
    "uri" : "/analyticsGateway/componentTemplates/dm.cs_scorecard.template",
    "type" : "application/vnd.sas.analytics.component.template"
  }, {
    "method" : "GET",
    "rel" : "transferExport",
    "href" : "/analyticsGateway/componentTemplates/dm.cs_scorecard.template",
    "uri" : "/analyticsGateway/componentTemplates/dm.cs_scorecard.template",
    "type" : "application/vnd.sas.transfer.object"
  }, {
    "method" : "GET",
    "rel" : "localizationContext",
    "href" : "/analyticsLocalization/contexts/cs.service.nls",
    "uri" : "/analyticsLocalization/contexts/cs.service.nls",
    "type" : "application/vnd.sas.analytics.localization.context"
  } ],
  "name" : "Scorecard",
  "description" : "Calculate scaling parameters of a scorecard, display distribution of various score-related statistics, and determine an optimal cutoff score.",
  "revision" : 1,
  "version" : 3,
  "prototype" : {
    "creationTimeStamp" : "2020-03-13T07:25:27.412Z",
    "modifiedTimeStamp" : "2020-03-13T07:25:27.436Z",
    "createdBy" : "sas.dataMining",
    "modifiedBy" : "sas.dataMining",
    "id" : "3aba7f9f-87c6-4f16-ab84-115cc89030ed",
    "name" : "Scorecard",
    "description" : "Calculate scaling parameters of a scorecard, display distribution of various score-related statistics, and determine an optimal cutoff score.",
    "revision" : 1,
    "iconCode" : "",
    "imageUri" : null,
    "executionProviderId" : "Compute",
    "code" : null,
    "classification" : "cs_scorecard",
    "group" : "miscellaneous",
    "status" : "undefined",
    "componentProperties" : {
      "analysisVariables" : "WOE",
      "freeze" : "NONE",
      "scoreOutvars" : "COMPLETE",
      "generateIntercept" : false,
      "reverseScore" : false,
      "odds" : 50,
      "scorecardPoints" : 200,
      "pointsToDoubleOdds" : 20,
      "scorecardType" : "SUMMARY",
      "precision" : 0,
      "bucketMethod" : "MINMAX",
      "numberOfBuckets" : 25,
      "useIndet" : false,
      "revenueAcceptedGood" : 1000,
      "costAcceptedBad" : 50000,
      "currentApprovalRate" : 70,
      "badRate" : 2.5,
      "generateCharAnalysis" : false,
      "noInfo" : "NEUTRAL",
      "displayNoInfo" : false,
      "reportAdverse" : false,
      "numAdverse" : 3,
      "adverseVarEditor" : "",
      "classOrder" : "FMTASC",
      "factorInteractions" : false,
      "factorSplit" : false,
      "useSpline" : false,
      "useSplineSplit" : false,
      "usePolynomial" : false,
      "polynomialDegree" : "2",
      "informativeMiss" : false,
      "missAsLvl" : false,
      "selectMethod" : "STEPWISE",
      "selectCriterion" : "SBC",
      "stopCriterion" : "SBC",
      "chooseCriterion" : "SBC",
      "slEntry" : 0.05,
      "slStay" : 0.05,
      "maxEffects" : 0,
      "minEffects" : 0,
      "maxSteps" : 0,
      "hierarchy" : "NONE",
      "tech" : "NRRIDG",
      "normalize" : true,
      "exactPctlLift" : true,
      "userProbCutoff" : false,
      "binaryProbCutoff" : 0.5,
      "modelOrderingEditor" : "",
      "performVI" : false,
      "pdPlots" : false,
      "icePlots" : false,
      "performLime" : false,
      "performKernelShap" : false,
      "maxNumShapVars" : 20,
      "specifyRows" : "RANDOM",
      "explainInfo" : false,
      "explainFidelity" : false,
      "pdNumImportantInputs" : 5,
      "pdObsSamples" : 1000,
      "nBins" : 50,
      "truncateLl" : 5,
      "truncateUl" : 95,
      "seedId" : 12345
    },
    "systemAttributes" : {
      "casSessionId" : "",
      "userDefined" : false,
      "modeling" : false,
      "trainOnly" : false,
      "prefix" : "cs_scorecard",
      "version" : "1",
      "component" : "cs_scorecard",
      "scoreCodeFormat" : "DS1",
      "codeFile" : "cs_scorecard.sas",
      "codeLocation" : "vriskmdsvr",
      "codeFormat" : "FILE",
      "codeLanguage" : "SAS",
      "_omitJsonListing" : true,
      "_omitTextListing" : true,
      "_omitSessionResults" : true,
      "dataMiningVersion" : "V8.5",
      "interactivePoints" : false,
      "interactiveRanges" : false
    },
    "validationModel" : null,
    "validationErrors" : null,
    "version" : null,
    "componentPropertyMetadata" : {
      "performVI" : {
        "omitFromModified" : true
      },
      "pdPlots" : {
        "omitFromModified" : true
      },
      "icePlots" : {
        "omitFromModified" : true
      },
      "performLime" : {
        "omitFromModified" : true
      },
      "performKernelShap" : {
        "omitFromModified" : true
      },
      "maxNumShapVars" : {
        "omitFromModified" : true
      },
      "specifyRows" : {
        "omitFromModified" : true
      },
      "indvRow" : {
        "omitFromModified" : true
      },
      "indvRow_2" : {
        "omitFromModified" : true
      },
      "indvRow_3" : {
        "omitFromModified" : true
      },
      "indvRow_4" : {
        "omitFromModified" : true
      },
      "indvRow_5" : {
        "omitFromModified" : true
      },
      "explainInfo" : {
        "omitFromModified" : true
      },
      "explainFidelity" : {
        "omitFromModified" : true
      },
      "pdNumImportantInputs" : {
        "omitFromModified" : true
      },
      "pdObsSamples" : {
        "omitFromModified" : true
      },
      "nBins" : {
        "omitFromModified" : true
      },
      "truncateLl" : {
        "omitFromModified" : true
      },
      "truncateUl" : {
        "omitFromModified" : true
      },
      "seedId" : {
        "omitFromModified" : true
      }
    }
  },
  "applicationId" : "datamining",
  "classification" : "cs_scorecard",
  "providerId" : "SAS",
  "group" : "miscellaneous",
  "hidden" : false
}