{
  "creationTimeStamp" : "2020-03-13T07:21:49.488Z",
  "modifiedTimeStamp" : "2020-03-13T07:21:49.491Z",
  "createdBy" : "sas.dataMiningModels",
  "modifiedBy" : "sas.dataMiningModels",
  "id" : "dm.compare.template",
  "links" : [ {
    "method" : "GET",
    "rel" : "up",
    "href" : "/analyticsGateway/componentTemplates",
    "uri" : "/analyticsGateway/componentTemplates",
    "type" : "application/vnd.sas.collection"
  }, {
    "method" : "GET",
    "rel" : "exportComponentTemplate",
    "href" : "/analyticsGateway/componentTemplates/dm.compare.template",
    "uri" : "/analyticsGateway/componentTemplates/dm.compare.template",
    "type" : "application/octet-stream"
  }, {
    "method" : "GET",
    "rel" : "self",
    "href" : "/analyticsGateway/componentTemplates/dm.compare.template",
    "uri" : "/analyticsGateway/componentTemplates/dm.compare.template",
    "type" : "application/vnd.sas.analytics.component.template"
  }, {
    "method" : "GET",
    "rel" : "transferExport",
    "href" : "/analyticsGateway/componentTemplates/dm.compare.template",
    "uri" : "/analyticsGateway/componentTemplates/dm.compare.template",
    "type" : "application/vnd.sas.transfer.object"
  }, {
    "method" : "GET",
    "rel" : "localizationContext",
    "href" : "/analyticsLocalization/contexts/data.mining.models",
    "uri" : "/analyticsLocalization/contexts/data.mining.models",
    "type" : "application/vnd.sas.analytics.localization.context"
  } ],
  "name" : "Model Comparison",
  "description" : "Compares the performance of competing models by using various benchmarking criteria.",
  "revision" : 1,
  "version" : 3,
  "prototype" : {
    "creationTimeStamp" : "2020-03-13T07:21:49.364Z",
    "modifiedTimeStamp" : "2020-03-13T07:21:49.588Z",
    "createdBy" : "sas.dataMiningModels",
    "modifiedBy" : "sas.dataMiningModels",
    "id" : "10f82222-916a-4c7f-8fda-9dabf1d6667c",
    "name" : "Model Comparison",
    "description" : "Compares the performance of competing models by using various benchmarking criteria.",
    "revision" : 1,
    "iconCode" : "",
    "imageUri" : null,
    "executionProviderId" : "Model",
    "code" : null,
    "classification" : "compare",
    "group" : "assess",
    "status" : "undefined",
    "componentProperties" : {
      "selectionCriteriaInterval" : "DEFAULT",
      "selectionCriteriaClass" : "DEFAULT",
      "selectionTable" : "DEFAULT",
      "selectionDepth" : "DEFAULT",
      "cutoff" : "DEFAULT",
      "inputs" : "immediatePredecessors(@currentNode)"
    },
    "systemAttributes" : {
      "dataMiningVersion" : "V8.5"
    },
    "validationModel" : null,
    "validationErrors" : null,
    "version" : null,
    "componentPropertyMetadata" : null
  },
  "applicationId" : "datamining",
  "classification" : "compare",
  "providerId" : "SAS",
  "group" : "assess",
  "hidden" : true
}